Year,Month,Day,Consumption,Companies,Installations,
2015,01,01,641.06840,9,35,
2015,01,02,793.88438,9,37,
2015,01,03,734.00223,9,37,
2015,01,04,752.55967,9,37,
2015,01,05,944.54874,9,37,
2015,01,06,966.66701,9,37,
2015,01,07,1671.70778,9,37,
2015,01,08,1729.72413,9,37,
2015,01,09,1493.17009,9,37,
2015,01,10,866.28186,9,37,
2015,01,11,862.46507,9,37,
2015,01,12,1764.20661,9,37,
2015,01,13,1759.06570,9,37,
2015,01,14,1745.66506,9,37,
2015,01,15,1750.26407,9,37,
2015,01,16,1451.51461,9,37,
2015,01,17,862.98939,9,37,
2015,01,18,871.58507,9,37,
2015,01,19,1732.45839,9,37,
2015,01,20,1775.51657,9,37,
2015,01,21,1783.43958,9,37,
2015,01,22,1735.99557,9,37,
2015,01,23,1477.45815,9,37,
2015,01,24,885.98822,9,37,
2015,01,25,891.00761,9,37,
2015,01,26,1762.75988,9,37,
2015,01,27,1755.32183,9,37,
2015,01,28,1767.11600,9,37,
2015,01,29,1752.10557,9,37,
2015,01,30,1500.15198,9,37,
2015,01,31,886.48831,9,37,
2015,02,01,871.52070,9,37,
2015,02,02,1720.03621,9,37,
2015,02,03,1775.82471,9,37,
2015,02,04,1774.28821,9,37,
2015,02,05,1798.63619,9,37,
2015,02,06,1483.50787,9,37,
2015,02,07,926.12912,9,37,
2015,02,08,908.50168,9,37,
2015,02,09,1721.13476,9,37,
2015,02,10,1705.67787,9,37,
2015,02,11,1750.64871,9,37,
2015,02,12,1744.14777,9,37,
2015,02,13,1507.59528,9,37,
2015,02,14,890.54929,9,37,
2015,02,15,932.09233,9,37,
2015,02,16,1677.56053,9,37,
2015,02,17,1681.24064,9,37,
2015,02,18,1784.70184,9,37,
2015,02,19,1742.68385,9,37,
2015,02,20,1542.50016,9,37,
2015,02,21,902.82959,9,37,
2015,02,22,904.37023,9,37,
2015,02,23,1751.01725,9,37,
2015,02,24,1752.99124,9,37,
2015,02,25,1761.86818,9,37,
2015,02,26,1727.51344,9,37,
2015,02,27,1557.01093,9,37,
2015,02,28,931.47637,9,37,
2015,03,01,897.78919,9,37,
2015,03,02,1710.87519,9,37,
2015,03,03,1695.61475,9,37,
2015,03,04,1760.45430,9,37,
2015,03,05,1724.86222,9,37,
2015,03,06,1507.24754,9,37,
2015,03,07,888.40390,9,37,
2015,03,08,900.66278,9,37,
2015,03,09,1734.34941,9,37,
2015,03,10,1744.22446,9,37,
2015,03,11,1752.88838,9,37,
2015,03,12,1749.79865,9,37,
2015,03,13,1575.01739,9,37,
2015,03,14,948.51163,9,37,
2015,03,15,908.72468,9,37,
2015,03,16,1747.17478,9,37,
2015,03,17,1749.34984,9,37,
2015,03,18,1750.62637,9,37,
2015,03,19,1727.91632,9,37,
2015,03,20,1505.21601,9,37,
2015,03,21,939.24331,9,37,
2015,03,22,898.71856,9,37,
2015,03,23,1712.60490,9,37,
2015,03,24,1748.52970,9,37,
2015,03,25,1740.04695,9,37,
2015,03,26,1738.77574,9,37,
2015,03,27,1567.50460,9,37,
2015,03,28,913.23309,9,37,
2015,03,29,927.12654,9,37,
2015,03,30,1732.35873,9,37,
2015,03,31,1750.55313,9,37,
2015,04,01,1754.68294,9,37,
2015,04,02,1593.84204,9,37,
2015,04,03,834.13128,9,37,
2015,04,04,689.70006,9,37,
2015,04,05,682.74434,9,37,
2015,04,06,884.51846,9,37,
2015,04,07,1723.48937,9,37,
2015,04,08,1731.96804,9,37,
2015,04,09,1719.55255,9,37,
2015,04,10,1475.68503,9,37,
2015,04,11,886.70576,9,37,
2015,04,12,905.74732,9,37,
2015,04,13,1750.65665,9,37,
2015,04,14,1767.72492,9,37,
2015,04,15,1737.96079,9,37,
2015,04,16,1655.88601,9,37,
2015,04,17,1443.58962,9,37,
2015,04,18,883.56953,9,37,
2015,04,19,905.59411,9,37,
2015,04,20,1673.84048,9,37,
2015,04,21,1728.97881,9,37,
2015,04,22,1699.73592,9,37,
2015,04,23,1660.36837,9,37,
2015,04,24,1472.22896,9,37,
2015,04,25,857.84975,9,37,
2015,04,26,877.63193,9,37,
2015,04,27,1725.38612,9,37,
2015,04,28,1740.37291,9,37,
2015,04,29,1714.30943,9,37,
2015,04,30,1563.40191,9,37,
2015,05,01,826.48858,9,37,
2015,05,02,813.39200,9,37,
2015,05,03,872.53560,9,37,
2015,05,04,1706.51514,9,37,
2015,05,05,1715.32937,9,37,
2015,05,06,1695.07224,9,37,
2015,05,07,1700.93151,9,37,
2015,05,08,1453.08998,9,37,
2015,05,09,898.51635,9,37,
2015,05,10,890.32533,9,37,
2015,05,11,1674.56756,9,37,
2015,05,12,1682.83862,9,37,
2015,05,13,1633.64589,9,37,
2015,05,14,985.36021,9,37,
2015,05,15,1042.32670,9,37,
2015,05,16,820.96672,9,37,
2015,05,17,886.99966,9,37,
2015,05,18,1693.83810,9,37,
2015,05,19,1688.49372,9,37,
2015,05,20,1654.64091,9,37,
2015,05,21,1671.17064,9,37,
2015,05,22,1428.56462,9,37,
2015,05,23,851.97834,9,37,
2015,05,24,903.17081,9,37,
2015,05,25,1756.25397,9,37,
2015,05,26,1728.52774,9,37,
2015,05,27,1724.20856,9,37,
2015,05,28,1699.20693,9,37,
2015,05,29,1395.42392,9,37,
2015,05,30,922.55088,9,37,
2015,05,31,927.21585,9,37,
2015,06,01,1728.24535,9,37,
2015,06,02,1762.29016,9,37,
2015,06,03,1750.41257,9,37,
2015,06,04,1723.85011,9,37,
2015,06,05,1505.59583,9,37,
2015,06,06,891.24847,9,37,
2015,06,07,856.36162,9,37,
2015,06,08,1744.89825,9,37,
2015,06,09,1733.37122,9,37,
2015,06,10,1726.85983,9,37,
2015,06,11,1724.28181,9,37,
2015,06,12,1530.52644,9,37,
2015,06,13,940.72793,9,37,
2015,06,14,924.50545,9,37,
2015,06,15,1742.89079,9,37,
2015,06,16,1763.17915,9,37,
2015,06,17,1717.87147,9,37,
2015,06,18,1558.48429,9,37,
2015,06,19,760.00497,9,46,
2015,06,20,699.22487,9,46,
2015,06,21,806.58383,9,46,
2015,06,22,1691.08090,9,46,
2015,06,23,1730.44774,9,46,
2015,06,24,1765.76167,9,46,
2015,06,25,1746.11455,9,46,
2015,06,26,1565.57716,9,46,
2015,06,27,996.49220,9,46,
2015,06,28,976.68453,9,46,
2015,06,29,1719.08795,9,46,
2015,06,30,1770.69108,9,46,
2015,07,01,1757.37704,9,46,
2015,07,02,1709.38027,9,46,
2015,07,03,1509.24798,9,46,
2015,07,04,947.31890,9,46,
2015,07,05,946.03119,9,46,
2015,07,06,1646.55914,9,46,
2015,07,07,1696.19804,9,46,
2015,07,08,1651.99674,9,46,
2015,07,09,1511.85945,9,46,
2015,07,10,1007.77648,9,46,
2015,07,11,663.94058,9,46,
2015,07,12,633.46354,9,46,
2015,07,13,680.09798,9,46,
2015,07,14,654.26622,9,46,
2015,07,15,657.91242,9,46,
2015,07,16,664.29783,9,46,
2015,07,17,634.06209,9,46,
2015,07,18,518.73037,9,46,
2015,07,19,502.52535,9,46,
2015,07,20,614.92487,9,46,
2015,07,21,607.37094,9,46,
2015,07,22,604.50467,9,46,
2015,07,23,615.54244,9,46,
2015,07,24,580.21483,9,46,
2015,07,25,464.59957,9,46,
2015,07,26,464.55572,9,46,
2015,07,27,590.26326,9,46,
2015,07,28,590.46378,9,46,
2015,07,29,592.90845,9,46,
2015,07,30,604.67332,9,46,
2015,07,31,584.01840,9,46,
2015,08,01,491.13363,9,46,
2015,08,02,489.33849,9,46,
2015,08,03,723.75341,9,46,
2015,08,04,772.21015,9,46,
2015,08,05,836.76174,9,46,
2015,08,06,890.51536,9,46,
2015,08,07,852.47751,9,46,
2015,08,08,638.55225,9,46,
2015,08,09,675.52498,9,46,
2015,08,10,1465.40331,9,46,
2015,08,11,1560.69340,9,46,
2015,08,12,1614.08483,9,46,
2015,08,13,1588.09018,9,46,
2015,08,14,1406.25181,9,46,
2015,08,15,786.95888,9,46,
2015,08,16,818.00107,9,46,
2015,08,17,1603.39564,9,46,
2015,08,18,1621.35001,9,46,
2015,08,19,1653.10244,9,46,
2015,08,20,1643.06013,9,46,
2015,08,21,1411.56841,9,46,
2015,08,22,804.63814,9,46,
2015,08,23,840.33615,9,46,
2015,08,24,1688.19410,9,46,
2015,08,25,1688.56993,9,46,
2015,08,26,1670.81161,9,46,
2015,08,27,1686.63062,9,46,
2015,08,28,1386.78128,9,46,
2015,08,29,817.95900,9,46,
2015,08,30,848.07645,9,46,
2015,08,31,1662.13328,9,46,
2015,09,01,1698.29696,9,46,
2015,09,02,1697.44694,9,46,
2015,09,03,1696.39071,9,46,
2015,09,04,1456.21428,9,46,
2015,09,05,849.49729,9,46,
2015,09,06,883.54178,9,46,
2015,09,07,1665.24577,9,46,
2015,09,08,1699.88229,9,46,
2015,09,09,1715.20583,9,46,
2015,09,10,1681.21767,9,46,
2015,09,11,1474.17433,9,46,
2015,09,12,906.93880,9,46,
2015,09,13,871.73758,9,46,
2015,09,14,1734.30377,9,46,
2015,09,15,1721.40700,9,46,
2015,09,16,1709.63202,9,46,
2015,09,17,1703.83864,9,46,
2015,09,18,1485.17106,9,46,
2015,09,19,928.68498,9,46,
2015,09,20,908.46778,9,46,
2015,09,21,1666.07295,9,46,
2015,09,22,1691.72633,9,46,
2015,09,23,1690.73598,9,46,
2015,09,24,1640.13022,9,46,
2015,09,25,1397.92326,9,46,
2015,09,26,883.56226,9,46,
2015,09,27,860.32847,9,46,
2015,09,28,1717.26747,9,46,
2015,09,29,1756.46502,9,46,
2015,09,30,1712.25526,9,46,
2015,10,01,1699.63865,9,46,
2015,10,02,1375.92871,9,46,
2015,10,03,814.17033,9,46,
2015,10,04,863.18755,9,46,
2015,10,05,1705.17024,9,46,
2015,10,06,1750.12361,9,46,
2015,10,07,1693.64389,9,46,
2015,10,08,1723.27188,9,46,
2015,10,09,1435.52123,9,46,
2015,10,10,794.16035,9,46,
2015,10,11,855.08238,9,46,
2015,10,12,1709.07784,9,46,
2015,10,13,1701.70097,9,46,
2015,10,14,1728.45126,9,46,
2015,10,15,1663.09005,9,46,
2015,10,16,1384.00431,9,46,
2015,10,17,895.53608,9,46,
2015,10,18,866.21576,9,46,
2015,10,19,1715.34533,9,46,
2015,10,20,1709.93285,9,46,
2015,10,21,1685.84145,9,46,
2015,10,22,1681.52816,9,46,
2015,10,23,1391.36547,9,46,
2015,10,24,814.06327,9,46,
2015,10,25,826.60675,9,46,
2015,10,26,1684.05827,9,46,
2015,10,27,1724.63078,9,46,
2015,10,28,1714.86490,9,46,
2015,10,29,1581.98900,9,46,
2015,10,30,1305.88808,9,46,
2015,10,31,752.63541,9,46,
2015,11,01,767.05363,9,46,
2015,11,02,1636.80052,9,46,
2015,11,03,1684.19997,9,46,
2015,11,04,1628.03158,9,46,
2015,11,05,1621.36331,9,46,
2015,11,06,1311.60234,9,46,
2015,11,07,842.21904,9,46,
2015,11,08,781.79531,9,46,
2015,11,09,1612.35035,9,46,
2015,11,10,1618.48626,9,46,
2015,11,11,1646.16608,9,46,
2015,11,12,1631.23342,9,46,
2015,11,13,1378.57350,9,46,
2015,11,14,817.93719,9,46,
2015,11,15,791.30819,9,46,
2015,11,16,1540.92705,9,46,
2015,11,17,1583.51386,9,46,
2015,11,18,1645.77536,9,46,
2015,11,19,1618.43881,9,46,
2015,11,20,1256.07245,9,46,
2015,11,21,819.39976,9,46,
2015,11,22,811.68160,9,46,
2015,11,23,1641.80570,9,46,
2015,11,24,1665.03234,9,46,
2015,11,25,1664.29992,9,46,
2015,11,26,1638.08928,9,46,
2015,11,27,1418.19138,9,46,
2015,11,28,836.14189,9,46,
2015,11,29,791.56165,9,46,
2015,11,30,1657.11389,9,46,
2015,12,01,1707.97658,9,46,
2015,12,02,1680.79424,9,46,
2015,12,03,1679.00059,9,46,
2015,12,04,1450.00255,9,46,
2015,12,05,895.21651,9,46,
2015,12,06,822.04538,9,46,
2015,12,07,1726.95495,9,46,
2015,12,08,1677.03209,9,46,
2015,12,09,1716.26309,9,46,
2015,12,10,1723.19210,9,46,
2015,12,11,1440.46007,9,46,
2015,12,12,862.46822,9,46,
2015,12,13,837.17332,9,46,
2015,12,14,1704.44654,9,46,
2015,12,15,1752.32370,9,46,
2015,12,16,1758.66775,9,46,
2015,12,17,1734.02488,9,46,
2015,12,18,1409.17115,9,46,
2015,12,19,822.99133,9,46,
2015,12,20,793.59666,9,46,
2015,12,21,1398.03393,9,46,
2015,12,22,1312.06233,9,46,
2015,12,23,1033.27221,9,46,
2015,12,24,635.76774,9,46,
2015,12,25,628.80941,9,46,
2015,12,26,607.00678,9,46,
2015,12,27,639.36845,9,46,
2015,12,28,929.95944,9,46,
2015,12,29,930.75846,9,46,
2015,12,30,836.45827,9,46,
2015,12,31,633.79678,9,46,
2016,01,01,621.69312,9,46,
2016,01,02,676.65375,9,46,
2016,01,03,703.94744,9,46,
2016,01,04,1104.90821,9,46,
2016,01,05,1125.54092,9,46,
2016,01,06,858.03347,9,46,
2016,01,07,1437.47314,9,46,
2016,01,08,1293.87892,9,46,
2016,01,09,817.75689,9,46,
2016,01,10,795.34776,9,46,
2016,01,11,1644.60555,9,46,
2016,01,12,1752.68335,9,46,
2016,01,13,1798.19176,9,46,
2016,01,14,1801.16230,9,46,
2016,01,15,1559.34670,9,46,
2016,01,16,928.72600,9,46,
2016,01,17,878.02920,9,46,
2016,01,18,1764.93382,9,46,
2016,01,19,1784.69529,9,46,
2016,01,20,1774.92435,9,46,
2016,01,21,1796.17277,9,46,
2016,01,22,1477.77152,9,46,
2016,01,23,858.65332,9,46,
2016,01,24,828.17028,9,46,
2016,01,25,1698.21180,9,46,
2016,01,26,1724.83996,9,46,
2016,01,27,1718.71035,9,46,
2016,01,28,1708.31871,9,46,
2016,01,29,1327.66177,9,46,
2016,01,30,801.54480,9,46,
2016,01,31,799.63306,9,46,
2016,02,01,1713.05714,9,46,
2016,02,02,1721.51400,9,46,
2016,02,03,1696.15223,9,46,
2016,02,04,1700.75586,9,46,
2016,02,05,1334.04829,9,46,
2016,02,06,765.88669,9,46,
2016,02,07,745.47648,9,46,
2016,02,08,1661.75611,9,46,
2016,02,09,1646.82080,9,46,
2016,02,10,1604.40152,9,46,
2016,02,11,1571.82339,9,46,
2016,02,12,1285.03159,9,46,
2016,02,13,781.66172,9,46,
2016,02,14,796.45375,9,46,
2016,02,15,1666.46177,9,46,
2016,02,16,1731.66886,9,46,
2016,02,17,1695.56849,9,46,
2016,02,18,1718.66638,9,46,
2016,02,19,1435.94944,9,46,
2016,02,20,883.83056,9,46,
2016,02,21,800.61743,9,46,
2016,02,22,1749.69097,9,46,
2016,02,23,1776.65228,9,46,
2016,02,24,1741.86587,9,46,
2016,02,25,1726.92857,9,46,
2016,02,26,1362.03684,9,46,
2016,02,27,794.73668,9,46,
2016,02,28,794.81080,9,46,
2016,02,29,1676.48152,9,46,
2016,03,01,1734.11328,9,46,
2016,03,02,1739.81428,9,46,
2016,03,03,1743.52466,9,46,
2016,03,04,1451.95814,9,46,
2016,03,05,853.01116,9,46,
2016,03,06,799.80851,9,46,
2016,03,07,1744.32442,9,46,
2016,03,08,1751.92014,9,46,
2016,03,09,1722.59032,9,46,
2016,03,10,1692.08384,9,46,
2016,03,11,1388.66262,9,46,
2016,03,12,814.20246,9,46,
2016,03,13,804.14976,9,46,
2016,03,14,1738.64010,9,46,
2016,03,15,1739.61973,9,46,
2016,03,16,1730.72071,9,46,
2016,03,17,1732.83342,9,46,
2016,03,18,1503.07634,9,46,
2016,03,19,883.40735,9,46,
2016,03,20,789.44409,9,46,
2016,03,21,1712.14004,9,46,
2016,03,22,1770.60555,9,46,
2016,03,23,1724.79668,9,46,
2016,03,24,1480.51537,9,46,
2016,03,25,754.95758,9,46,
2016,03,26,655.23656,9,46,
2016,03,27,651.39394,9,46,
2016,03,28,819.76984,9,46,
2016,03,29,1657.70157,9,46,
2016,03,30,1676.10756,9,46,
2016,03,31,1729.26487,9,46,
2016,04,01,1393.82525,9,46,
2016,04,02,767.15647,9,46,
2016,04,03,762.74650,9,46,
2016,04,04,1676.52852,9,46,
2016,04,05,1670.54183,9,46,
2016,04,06,1675.56033,9,46,
2016,04,07,1695.21448,9,46,
2016,04,08,1398.43750,9,46,
2016,04,09,858.17128,9,46,
2016,04,10,810.59363,9,46,
2016,04,11,1701.79733,9,46,
2016,04,12,1718.55106,9,46,
2016,04,13,1702.51316,9,46,
2016,04,14,1693.68123,9,46,
2016,04,15,1391.90708,9,46,
2016,04,16,837.48751,9,46,
2016,04,17,830.50051,9,46,
2016,04,18,1702.52277,9,46,
2016,04,19,1755.16882,9,46,
2016,04,20,1713.57726,9,46,
2016,04,21,1636.94473,9,46,
2016,04,22,1241.68373,9,47,
2016,04,23,818.56150,9,47,
2016,04,24,831.86951,9,47,
2016,04,25,1733.11555,9,47,
2016,04,26,1741.50991,9,47,
2016,04,27,1724.32345,9,47,
2016,04,28,1739.53718,9,47,
2016,04,29,1510.94662,9,47,
2016,04,30,874.94464,9,47,
2016,05,01,822.67457,9,47,
2016,05,02,1655.69314,9,47,
2016,05,03,1714.20515,9,47,
2016,05,04,1643.14038,9,47,
2016,05,05,927.22761,9,47,
2016,05,06,892.88501,9,47,
2016,05,07,735.45144,9,47,
2016,05,08,787.29257,9,47,
2016,05,09,1667.47682,9,47,
2016,05,10,1689.70848,9,47,
2016,05,11,1685.30096,9,47,
2016,05,12,1656.72666,9,47,
2016,05,13,1377.60193,9,47,
2016,05,14,807.49815,9,47,
2016,05,15,810.56876,9,47,
2016,05,16,1678.71319,9,47,
2016,05,17,1683.53148,9,47,
2016,05,18,1686.87868,9,47,
2016,05,19,1659.86408,9,47,
2016,05,20,1431.14683,9,47,
2016,05,21,795.02883,9,47,
2016,05,22,782.18187,9,47,
2016,05,23,1642.23007,9,47,
2016,05,24,1630.68595,9,49,
2016,05,25,1661.65421,9,49,
2016,05,26,1662.58643,9,49,
2016,05,27,1449.97276,9,49,
2016,05,28,861.94060,9,49,
2016,05,29,811.94839,9,49,
2016,05,30,1608.47376,9,49,
2016,05,31,1705.83328,9,49,
2016,06,01,1695.91495,9,51,
2016,06,02,1708.60260,9,51,
2016,06,03,1447.92337,9,51,
2016,06,04,776.68727,9,51,
2016,06,05,745.00710,9,51,
2016,06,06,1000.59276,9,51,
2016,06,07,1663.82783,9,51,
2016,06,08,1698.54309,9,51,
2016,06,09,1697.52008,9,51,
2016,06,10,1511.52825,9,51,
2016,06,11,888.48222,9,51,
2016,06,12,842.09902,9,51,
2016,06,13,1691.16702,9,51,
2016,06,14,1711.83995,9,51,
2016,06,15,1708.89356,9,51,
2016,06,16,1672.19820,9,51,
2016,06,17,1461.52948,9,51,
2016,06,18,996.08224,9,51,
2016,06,19,863.79567,9,51,
2016,06,20,1665.08433,9,51,
2016,06,21,1671.87373,9,51,
2016,06,22,1666.88829,9,51,
2016,06,23,1541.79420,9,51,
2016,06,24,740.34999,9,51,
2016,06,25,645.87355,9,51,
2016,06,26,818.30469,9,51,
2016,06,27,1665.42290,9,51,
2016,06,28,1684.45589,9,51,
2016,06,29,1668.43227,9,51,
2016,06,30,1666.87937,9,51,
2016,07,01,1502.31923,9,51,
2016,07,02,932.65790,9,51,
2016,07,03,800.36198,9,51,
2016,07,04,1616.80542,9,51,
2016,07,05,1605.13155,9,51,
2016,07,06,1697.76542,9,51,
2016,07,07,1669.33407,9,51,
2016,07,08,1438.20233,9,51,
2016,07,09,924.74270,9,51,
2016,07,10,803.96155,9,51,
2016,07,11,1534.68773,9,51,
2016,07,12,1542.88978,9,51,
2016,07,13,1527.06426,9,51,
2016,07,14,1402.55293,9,51,
2016,07,15,1013.24188,9,51,
2016,07,16,590.57922,9,51,
2016,07,17,539.69730,9,51,
2016,07,18,626.15194,9,51,
2016,07,19,608.54325,9,51,
2016,07,20,611.97275,9,51,
2016,07,21,601.18501,9,51,
2016,07,22,573.45405,9,51,
2016,07,23,451.75159,9,51,
2016,07,24,457.13366,9,51,
2016,07,25,596.88192,9,51,
2016,07,26,593.31312,9,51,
2016,07,27,586.39194,9,51,
2016,07,28,598.28528,9,51,
2016,07,29,574.22139,9,51,
2016,07,30,439.97864,9,51,
2016,07,31,429.45707,9,51,
2016,08,01,557.96196,9,51,
2016,08,02,565.48693,9,51,
2016,08,03,571.93221,9,51,
2016,08,04,594.33905,9,51,
2016,08,05,577.50334,9,51,
2016,08,06,466.05996,9,51,
2016,08,07,459.97125,9,51,
2016,08,08,709.68697,9,51,
2016,08,09,750.12571,9,51,
2016,08,10,779.82448,9,51,
2016,08,11,874.38513,9,51,
2016,08,12,804.13730,9,51,
2016,08,13,603.00853,9,51,
2016,08,14,641.26372,9,51,
2016,08,15,1431.37860,9,51,
2016,08,16,1556.09070,9,51,
2016,08,17,1544.63018,9,51,
2016,08,18,1540.75844,9,51,
2016,08,19,1392.27811,9,51,
2016,08,20,750.08905,9,51,
2016,08,21,754.49096,9,51,
2016,08,22,1614.71914,9,51,
2016,08,23,1652.17225,9,51,
2016,08,24,1653.96855,9,51,
2016,08,25,1632.47427,9,51,
2016,08,26,1364.42525,9,51,
2016,08,27,754.73388,9,51,
2016,08,28,789.62784,9,51,
2016,08,29,1592.90681,9,51,
2016,08,30,1577.00873,9,51,
2016,08,31,1640.08675,9,51,
2016,09,01,1629.51023,9,51,
2016,09,02,1264.57630,9,51,
2016,09,03,785.70567,9,51,
2016,09,04,782.15185,9,51,
2016,09,05,1602.34785,9,51,
2016,09,06,1641.89086,9,51,
2016,09,07,1643.73133,9,51,
2016,09,08,1654.74609,9,51,
2016,09,09,1333.86617,9,51,
2016,09,10,810.31806,9,51,
2016,09,11,796.00017,9,51,
2016,09,12,1614.92051,9,51,
2016,09,13,1679.07333,9,51,
2016,09,14,1649.13027,9,51,
2016,09,15,1612.38352,9,51,
2016,09,16,1332.63458,9,51,
2016,09,17,760.12098,9,51,
2016,09,18,764.31131,9,51,
2016,09,19,1650.86076,9,51,
2016,09,20,1670.25686,9,51,
2016,09,21,1642.78611,9,51,
2016,09,22,1606.02819,9,51,
2016,09,23,1305.91214,9,51,
2016,09,24,731.88646,9,51,
2016,09,25,752.79580,9,51,
2016,09,26,1632.55260,9,51,
2016,09,27,1678.56451,9,51,
2016,09,28,1626.76944,9,51,
2016,09,29,1628.59960,9,51,
2016,09,30,1303.78551,9,51,
2016,10,01,742.41026,9,52,
2016,10,02,746.43878,9,52,
2016,10,03,1532.07555,9,52,
2016,10,04,1622.35572,9,52,
2016,10,05,1669.20352,9,52,
2016,10,06,1686.10764,9,52,
2016,10,07,1415.27330,9,52,
2016,10,08,757.48750,9,52,
2016,10,09,781.53260,9,52,
2016,10,10,1672.75910,9,52,
2016,10,11,1686.25442,9,52,
2016,10,12,1637.23660,9,52,
2016,10,13,1654.95836,9,52,
2016,10,14,1458.04257,9,52,
2016,10,15,791.89668,9,52,
2016,10,16,773.11050,9,52,
2016,10,17,1668.21935,9,52,
2016,10,18,1680.16227,9,52,
2016,10,19,1620.55673,9,52,
2016,10,20,1610.14964,9,52,
2016,10,21,1285.44224,9,52,
2016,10,22,762.21207,9,52,
2016,10,23,778.86805,9,52,
2016,10,24,1623.89302,9,52,
2016,10,25,1685.65692,9,52,
2016,10,26,1663.31146,9,52,
2016,10,27,1657.81076,9,52,
2016,10,28,1334.00207,9,52,
2016,10,29,794.64203,9,52,
2016,10,30,745.91544,9,52,
2016,10,31,1644.42857,9,52,
2016,11,01,1673.45524,9,52,
2016,11,02,1639.15505,9,52,
2016,11,03,1643.84848,9,52,
2016,11,04,1383.24828,9,52,
2016,11,05,746.09839,9,52,
2016,11,06,771.57653,9,52,
2016,11,07,1662.30623,9,52,
2016,11,08,1665.22528,9,52,
2016,11,09,1699.14628,9,52,
2016,11,10,1705.41812,9,52,
2016,11,11,1406.05446,9,52,
2016,11,12,822.92562,9,52,
2016,11,13,791.93902,9,52,
2016,11,14,1688.09498,9,52,
2016,11,15,1737.25859,9,52,
2016,11,16,1703.90191,9,52,
2016,11,17,1680.98082,9,52,
2016,11,18,1435.25457,9,52,
2016,11,19,873.47683,9,52,
2016,11,20,789.15683,9,52,
2016,11,21,1673.12194,9,52,
2016,11,22,1709.09516,9,52,
2016,11,23,1680.96485,9,52,
2016,11,24,1635.37547,9,52,
2016,11,25,1467.05634,9,52,
2016,11,26,804.03747,9,52,
2016,11,27,792.65706,9,52,
2016,11,28,1728.39052,9,52,
2016,11,29,1746.44268,9,52,
2016,11,30,1734.10043,9,58,
2016,12,01,1746.96594,9,58,
2016,12,02,1532.05769,9,58,
2016,12,03,880.18358,9,58,
2016,12,04,827.62057,9,58,
2016,12,05,1738.34261,9,58,
2016,12,06,1792.66422,9,58,
2016,12,07,1747.59635,9,58,
2016,12,08,1710.70178,9,58,
2016,12,09,1526.04096,9,58,
2016,12,10,814.82224,9,58,
2016,12,11,791.89971,9,58,
2016,12,12,1765.47056,9,58,
2016,12,13,1736.43814,9,58,
2016,12,14,1738.75528,9,58,
2016,12,15,1741.81692,9,58,
2016,12,16,1499.16115,9,58,
2016,12,17,810.17957,9,58,
2016,12,18,794.11248,9,58,
2016,12,19,1674.16347,9,58,
2016,12,20,1673.30197,9,58,
2016,12,21,1570.47265,9,58,
2016,12,22,1424.27873,9,58,
2016,12,23,974.04949,9,58,
2016,12,24,534.92233,9,58,
2016,12,25,534.23267,9,58,
2016,12,26,610.27262,9,58,
2016,12,27,886.41777,9,58,
2016,12,28,925.50270,9,58,
2016,12,29,911.48055,9,58,
2016,12,30,771.92428,9,58,
2016,12,31,523.75824,9,58,
2017,01,01,562.79401,9,59,
2017,01,02,1394.60875,9,59,
2017,01,03,1512.59089,9,59,
2017,01,04,1509.59787,9,59,
2017,01,05,1482.80754,9,59,
2017,01,06,866.58442,9,59,
2017,01,07,734.79253,9,59,
2017,01,08,748.27427,9,59,
2017,01,09,1651.21377,9,59,
2017,01,10,1708.54038,9,59,
2017,01,11,1727.45958,9,59,
2017,01,12,1724.04812,9,59,
2017,01,13,1418.38220,9,59,
2017,01,14,803.07244,9,59,
2017,01,15,790.77531,9,59,
2017,01,16,1735.74680,9,59,
2017,01,17,1743.02946,9,59,
2017,01,18,1755.28467,9,59,
2017,01,19,1702.65641,9,59,
2017,01,20,1425.39258,9,59,
2017,01,21,803.77232,9,59,
2017,01,22,804.89881,9,59,
2017,01,23,1706.71494,9,59,
2017,01,24,1757.36318,9,59,
2017,01,25,1672.62624,9,59,
2017,01,26,1630.90118,9,59,
2017,01,27,1468.78334,9,59,
2017,01,28,810.97933,9,59,
2017,01,29,796.50996,9,59,
2017,01,30,1727.14489,9,59,
2017,01,31,1691.64686,9,59,
2017,02,01,1746.88375,9,59,
2017,02,02,1684.67978,9,59,
2017,02,03,1495.43084,9,59,
2017,02,04,969.18540,9,59,
2017,02,05,797.02253,9,59,
2017,02,06,1746.55032,9,59,
2017,02,07,1793.59851,9,59,
2017,02,08,1750.95748,9,59,
2017,02,09,1751.63314,9,59,
2017,02,10,1529.76131,9,59,
2017,02,11,962.39973,9,59,
2017,02,12,828.36140,9,59,
2017,02,13,1742.75353,9,59,
2017,02,14,1783.35725,9,59,
2017,02,15,1744.02707,9,59,
2017,02,16,1728.49918,9,59,
2017,02,17,1486.54706,9,59,
2017,02,18,811.84129,9,59,
2017,02,19,803.23982,9,59,
2017,02,20,1718.85297,9,59,
2017,02,21,1745.52039,9,59,
2017,02,22,1708.39978,9,59,
2017,02,23,1730.52371,9,59,
2017,02,24,1563.70108,9,59,
2017,02,25,965.35475,9,59,
2017,02,26,830.87799,9,59,
2017,02,27,1696.97773,9,59,
2017,02,28,1679.69208,9,59,
2017,03,01,1720.67711,9,59,
2017,03,02,1742.06427,9,59,
2017,03,03,1546.80183,9,59,
2017,03,04,934.25160,9,59,
2017,03,05,843.28288,9,59,
2017,03,06,1786.83752,9,59,
2017,03,07,1798.53930,9,59,
2017,03,08,1749.07987,9,59,
2017,03,09,1735.72464,9,59,
2017,03,10,1517.74199,9,59,
2017,03,11,910.31358,9,59,
2017,03,12,832.41181,9,59,
2017,03,13,1687.88027,9,59,
2017,03,14,1727.87166,9,59,
2017,03,15,1712.70840,9,59,
2017,03,16,1723.25353,9,59,
2017,03,17,1527.79541,9,59,
2017,03,18,947.74838,9,59,
2017,03,19,850.84818,9,59,
2017,03,20,1731.78665,9,59,
2017,03,21,1751.94738,9,59,
2017,03,22,1760.49315,9,59,
2017,03,23,1743.02212,9,59,
2017,03,24,1587.17108,9,59,
2017,03,25,978.60132,9,59,
2017,03,26,891.36169,9,59,
2017,03,27,1725.51858,9,59,
2017,03,28,1757.35023,9,59,
2017,03,29,1746.64452,9,59,
2017,03,30,1721.46544,9,59,
2017,03,31,1465.50857,9,59,
2017,04,01,884.43573,9,59,
2017,04,02,853.93206,9,59,
2017,04,03,1700.95705,9,59,
2017,04,04,1739.65321,9,59,
2017,04,05,1718.72754,9,59,
2017,04,06,1707.70211,9,59,
2017,04,07,1490.65935,9,59,
2017,04,08,892.05021,9,59,
2017,04,09,880.74578,9,59,
2017,04,10,1670.43841,9,59,
2017,04,11,1744.55511,9,59,
2017,04,12,1722.07295,9,59,
2017,04,13,1524.84863,9,59,
2017,04,14,764.27610,9,59,
2017,04,15,646.95118,9,59,
2017,04,16,647.90582,9,59,
2017,04,17,846.12430,9,59,
2017,04,18,1594.17295,9,59,
2017,04,19,1586.74153,9,59,
2017,04,20,1573.88688,9,59,
2017,04,21,1379.93964,9,59,
2017,04,22,910.26385,9,59,
2017,04,23,907.64810,9,59,
2017,04,24,1709.92684,9,59,
2017,04,25,1761.03156,9,59,
2017,04,26,1734.50288,9,59,
2017,04,27,1768.96735,9,59,
2017,04,28,1563.57907,9,59,
2017,04,29,963.79217,9,59,
2017,04,30,796.27234,9,59,
2017,05,01,857.71160,9,59,
2017,05,02,1751.91782,9,58,
2017,05,03,1731.35351,9,58,
2017,05,04,1770.53433,9,58,
2017,05,05,1614.89492,9,58,
2017,05,06,1023.17523,9,58,
2017,05,07,946.19399,9,58,
2017,05,08,1808.39201,9,58,
2017,05,09,1788.70648,9,58,
2017,05,10,1783.40514,9,58,
2017,05,11,1769.71731,9,58,
2017,05,12,1607.37630,9,58,
2017,05,13,946.98982,9,58,
2017,05,14,912.23847,9,58,
2017,05,15,1726.09341,9,58,
2017,05,16,1757.90140,9,58,
2017,05,17,1770.13631,9,58,
2017,05,18,1747.35573,9,58,
2017,05,19,1527.99400,9,58,
2017,05,20,1023.79989,9,58,
2017,05,21,910.48820,9,58,
2017,05,22,1736.19296,9,58,
2017,05,23,1743.69279,9,58,
2017,05,24,1650.81933,9,58,
2017,05,25,877.86219,9,58,
2017,05,26,978.25893,9,58,
2017,05,27,810.11208,9,58,
2017,05,28,896.38106,9,58,
2017,05,29,1685.77199,9,58,
2017,05,30,1737.58692,9,58,
2017,05,31,1750.01978,9,58,
2017,06,01,1719.82343,9,58,
2017,06,02,1565.85790,9,58,
2017,06,03,985.38214,9,58,
2017,06,04,870.14166,9,58,
2017,06,05,1448.39015,9,58,
2017,06,06,1356.78891,9,58,
2017,06,07,1733.63190,9,58,
2017,06,08,1739.86294,9,58,
2017,06,09,1557.27454,9,58,
2017,06,10,1003.11316,9,58,
2017,06,11,938.45816,9,58,
2017,06,12,1657.98020,9,58,
2017,06,13,1723.64106,9,58,
2017,06,14,1725.41598,9,58,
2017,06,15,1753.05388,9,58,
2017,06,16,1573.35852,9,58,
2017,06,17,1018.68775,9,58,
2017,06,18,926.93422,9,58,
2017,06,19,1705.10388,9,58,
2017,06,20,1772.08917,9,58,
2017,06,21,1771.57904,9,58,
2017,06,22,1640.62701,9,58,
2017,06,23,727.97829,9,58,
2017,06,24,644.68016,9,58,
2017,06,25,878.66788,9,58,
2017,06,26,1758.73666,9,58,
2017,06,27,1722.63529,9,58,
2017,06,28,1761.46017,9,58,
2017,06,29,1741.52186,9,58,
2017,06,30,1574.75589,9,58,
2017,07,01,1059.27868,9,58,
2017,07,02,932.71493,9,58,
2017,07,03,1685.46398,9,58,
2017,07,04,1729.19154,9,58,
2017,07,05,1670.19833,9,58,
2017,07,06,1704.27305,9,58,
2017,07,07,1592.74994,9,58,
2017,07,08,1089.14444,9,58,
2017,07,09,997.23421,9,58,
2017,07,10,1679.60328,9,58,
2017,07,11,1727.33493,9,58,
2017,07,12,1611.43635,9,58,
2017,07,13,1536.21830,9,58,
2017,07,14,1054.84471,9,58,
2017,07,15,630.47862,9,58,
2017,07,16,579.48325,9,58,
2017,07,17,654.20093,9,58,
2017,07,18,615.75870,9,58,
2017,07,19,618.19472,9,58,
2017,07,20,619.43573,9,58,
2017,07,21,574.73724,9,58,
2017,07,22,456.37886,9,58,
2017,07,23,450.72539,9,58,
2017,07,24,580.38486,9,58,
2017,07,25,580.83124,9,58,
2017,07,26,587.87802,9,58,
2017,07,27,575.67822,9,58,
2017,07,28,547.57316,9,58,
2017,07,29,452.86618,9,58,
2017,07,30,443.00357,9,58,
2017,07,31,559.56819,9,58,
2017,08,01,559.17721,9,58,
2017,08,02,557.97067,9,58,
2017,08,03,570.06001,9,58,
2017,08,04,563.68967,9,58,
2017,08,05,473.63946,9,58,
2017,08,06,468.11483,9,58,
2017,08,07,692.76611,9,58,
2017,08,08,768.48205,9,58,
2017,08,09,797.46993,9,58,
2017,08,10,854.54996,9,58,
2017,08,11,871.89129,9,58,
2017,08,12,647.89262,9,58,
2017,08,13,685.06920,9,58,
2017,08,14,1529.74207,9,58,
2017,08,15,1602.50792,9,58,
2017,08,16,1637.88559,9,58,
2017,08,17,1636.15933,9,58,
2017,08,18,1484.80405,9,58,
2017,08,19,894.69050,9,58,
2017,08,20,883.05294,9,58,
2017,08,21,1668.56849,9,58,
2017,08,22,1707.25151,9,58,
2017,08,23,1681.52940,9,58,
2017,08,24,1712.98029,9,58,
2017,08,25,1541.92143,9,58,
2017,08,26,1033.79148,9,58,
2017,08,27,950.06916,9,58,
2017,08,28,1734.59195,9,58,
2017,08,29,1742.37093,9,58,
2017,08,30,1752.24392,9,58,
2017,08,31,1731.58810,9,58,
2017,09,01,1513.33205,9,58,
2017,09,02,922.11919,9,58,
2017,09,03,924.63387,9,58,
2017,09,04,1709.12864,9,58,
2017,09,05,1694.77567,9,58,
2017,09,06,1715.73656,9,58,
2017,09,07,1723.16768,9,58,
2017,09,08,1551.33200,9,58,
2017,09,09,1033.22641,9,58,
2017,09,10,911.17420,9,58,
2017,09,11,1680.25467,9,58,
2017,09,12,1717.39405,9,58,
2017,09,13,1718.01226,9,58,
2017,09,14,1697.99163,9,58,
2017,09,15,1523.33821,9,58,
2017,09,16,1035.12549,9,58,
2017,09,17,937.43598,9,58,
2017,09,18,1744.34361,9,58,
2017,09,19,1743.93034,9,58,
2017,09,20,1730.58498,9,58,
2017,09,21,1713.76745,9,58,
2017,09,22,1547.62260,9,58,
2017,09,23,909.56720,9,58,
2017,09,24,979.84498,9,58,
2017,09,25,1734.06442,9,58,
2017,09,26,1762.39031,9,58,
2017,09,27,1742.20960,9,58,
2017,09,28,1760.79219,9,58,
2017,09,29,1569.95757,9,58,
2017,09,30,1048.52133,9,58,
2017,10,01,966.64529,9,58,
2017,10,02,1766.94735,9,58,
2017,10,03,1790.43968,9,58,
2017,10,04,1763.78248,9,58,
2017,10,05,1761.75099,9,58,
2017,10,06,1563.32547,9,58,
2017,10,07,1015.33135,9,58,
2017,10,08,943.84630,9,58,
2017,10,09,1709.81808,9,58,
2017,10,10,1774.35409,9,58,
2017,10,11,1790.91944,9,58,
2017,10,12,1744.56287,9,58,
2017,10,13,1539.90619,9,58,
2017,10,14,928.93033,9,58,
2017,10,15,945.39561,9,58,
2017,10,16,1744.57014,9,58,
2017,10,17,1792.24120,9,58,
2017,10,18,1791.22028,9,58,
2017,10,19,1805.11312,9,58,
2017,10,20,1586.03250,9,58,
2017,10,21,1032.49818,9,58,
2017,10,22,973.34083,9,58,
2017,10,23,1779.13137,9,58,
2017,10,24,1813.33392,9,58,
2017,10,25,1789.06010,9,58,
2017,10,26,1750.14047,9,58,
2017,10,27,1482.49678,9,58,
2017,10,28,991.35677,9,58,
2017,10,29,907.97366,9,58,
2017,10,30,1755.61725,9,58,
2017,10,31,1789.46701,9,58,
2017,11,01,1756.25534,9,58,
2017,11,02,1759.48992,9,58,
2017,11,03,1513.50210,9,58,
2017,11,04,912.85635,9,58,
2017,11,05,917.54644,9,58,
2017,11,06,1689.89117,9,58,
2017,11,07,1709.02453,9,58,
2017,11,08,1763.72687,9,58,
2017,11,09,1757.41407,9,58,
2017,11,10,1534.55523,9,58,
2017,11,11,990.49901,9,58,
2017,11,12,923.92182,9,58,
2017,11,13,1765.87363,9,58,
2017,11,14,1820.55786,9,58,
2017,11,15,1817.42274,9,58,
2017,11,16,1827.05300,9,58,
2017,11,17,1548.70363,9,58,
2017,11,18,1033.71608,9,58,
2017,11,19,948.17902,9,58,
2017,11,20,1748.79636,9,58,
2017,11,21,1788.88707,9,58,
2017,11,22,1807.54043,9,58,
2017,11,23,1740.35084,9,58,
2017,11,24,1543.71144,9,58,
2017,11,25,904.42129,9,58,
2017,11,26,940.30613,9,58,
2017,11,27,1789.17056,9,58,
2017,11,28,1787.01500,9,58,
2017,11,29,1778.19394,9,58,
2017,11,30,1795.37875,9,58,
2017,12,01,1579.54541,9,58,
2017,12,02,1009.09990,9,58,
2017,12,03,973.09607,9,58,
2017,12,04,1832.40614,9,58,
2017,12,05,1854.88819,9,58,
2017,12,06,1802.42441,9,58,
2017,12,07,1810.93241,9,58,
2017,12,08,1563.09623,9,58,
2017,12,09,935.65185,9,58,
2017,12,10,961.94887,9,58,
2017,12,11,1798.62919,9,58,
2017,12,12,1831.13019,9,58,
2017,12,13,1824.59674,9,58,
2017,12,14,1788.86009,9,58,
2017,12,15,1625.03214,9,58,
2017,12,16,1032.87840,9,58,
2017,12,17,974.31492,9,58,
2017,12,18,1792.94066,9,58,
2017,12,19,1838.05630,9,58,
2017,12,20,1760.85178,9,58,
2017,12,21,1697.69505,9,58,
2017,12,22,1314.17070,9,58,
2017,12,23,700.62285,9,58,
2017,12,24,605.75415,9,58,
2017,12,25,663.53604,9,58,
2017,12,26,680.37762,9,58,
2017,12,27,909.28871,9,58,
2017,12,28,902.57250,9,58,
2017,12,29,854.39938,9,58,
2017,12,30,678.25707,9,58,
2017,12,31,626.42686,9,58,
,,,,
